,location
東京都三鷹市上連雀,"(35.7001384, 139.5560873)"
東京都三鷹市下連雀,"(35.6964799, 139.565496)"
東京都三鷹市中原,"(35.6648817, 139.5746696)"
東京都三鷹市井の頭,"(35.6936527, 139.583691)"
東京都三鷹市井口,"(35.6953563, 139.5350195)"
東京都三鷹市北野,"(35.6791407, 139.5850745)"
東京都三鷹市大沢,"(35.6678976, 139.5402086)"
東京都三鷹市新川,"(35.6827811, 139.5682365)"
東京都三鷹市東京都三鷹市井の頭,"(35.6936527, 139.583691)"
東京都三鷹市東京都三鷹市牟礼,"(35.6871232, 139.5800341)"
東京都三鷹市深大寺,"(35.6884547, 139.5442341)"
東京都三鷹市牟礼,"(35.6871232, 139.5800341)"
東京都三鷹市野崎,"(35.6837293, 139.5495892)"
東京都世田谷区三宿,"(35.6470779, 139.6780719)"
東京都世田谷区三軒茶屋,"(35.6435178, 139.6712704)"
東京都世田谷区上北沢,"(35.6688535, 139.6232912)"
東京都世田谷区上北沢 ,"(35.6688535, 139.6232912)"
東京都世田谷区上野毛,"(35.6119652, 139.6388688)"
東京都世田谷区上馬,"(35.6354815, 139.6648209)"
東京都世田谷区世田谷,"(35.6434817, 139.6506381)"
東京都世田谷区代沢,"(35.6583499, 139.6721858)"
東京都世田谷区代田,"(35.6606228, 139.6623485)"
東京都世田谷区代田 ,"(35.6606228, 139.6623485)"
東京都世田谷区八幡山,"(35.6698424, 139.6159248)"
東京都世田谷区北沢,"(35.6634677, 139.668154)"
東京都世田谷区北沢 ,"(35.6634677, 139.668154)"
東京都世田谷区北烏山,"(35.666845, 139.6017902)"
東京都世田谷区千歳台,"(35.6593162, 139.6147075)"
東京都世田谷区千歳台 ,"(35.6593162, 139.6147075)"
東京都世田谷区喜多見,"(35.6364976, 139.5867097)"
東京都世田谷区大原,"(35.6724549, 139.6606996)"
東京都世田谷区太子堂,"(35.6493631, 139.6647724)"
東京都世田谷区奥沢,"(35.6040191, 139.6727753)"
東京都世田谷区宇奈根,"(35.6219112, 139.6065221)"
東京都世田谷区尾山台,"(35.6070953, 139.6534142)"
東京都世田谷区松原,"(35.6602406, 139.6419563)"
東京都世田谷区松原 ,"(35.6602406, 139.6419563)"
東京都世田谷区松原  ,"(35.6602406, 139.6419563)"
東京都世田谷区桜,"(35.6071012, 139.6324543)"
東京都世田谷区桜上水,"(35.6675015, 139.6323285)"
東京都世田谷区桜新町,"(35.631719, 139.645163)"
東京都世田谷区池尻,"(35.6487788, 139.6811468)"
東京都世田谷区深沢,"(35.6187123, 139.66005)"
東京都世田谷区瀬田,"(35.6211026, 139.6313576)"
東京都世田谷区玉堤,"(35.596223, 139.6503572)"
東京都世田谷区玉川,"(35.6051513, 139.6388025)"
東京都世田谷区玉川田園調布,"(35.6014873, 139.6647045)"
東京都世田谷区用賀,"(35.6266477, 139.6341719)"
東京都世田谷区等々力,"(35.608464, 139.6474309)"
東京都世田谷区経堂,"(35.65135, 139.6366816)"
東京都世田谷区給田,"(35.6681242, 139.5926947)"
東京都世田谷区羽根木,"(35.6677824, 139.6611591)"
東京都世田谷区船橋,"(35.6485548, 139.6207921)"
東京都世田谷区若林,"(35.6459127, 139.6596987)"
東京都世田谷区豪徳寺,"(35.6535438, 139.6468966)"
東京都世田谷区赤堤,"(35.656868, 139.6379227)"
東京都世田谷区赤堤 ,"(35.656868, 139.6379227)"
東京都世田谷区野沢,"(35.6297439, 139.6724566)"
東京都世田谷区鎌田,"(35.6223973, 139.6094307)"
東京都世田谷区駒沢,"(35.6309778, 139.656596)"
東京都中央区京橋,"(35.676833, 139.770139)"
東京都中央区佃,"(35.6675972, 139.7853459)"
東京都中央区八丁堀,"(35.6746453, 139.7776367)"
東京都中央区八重洲,"(35.68018575, 139.76819616130757)"
東京都中央区勝どき,"(35.6589623, 139.7771747)"
東京都中央区新川,"(35.6759674, 139.7797926)"
東京都中央区日本橋,"(35.68406775, 139.77450291683806)"
東京都中央区日本橋人形町,"(35.6863049, 139.7822301)"
東京都中央区日本橋兜町,"(35.6810409, 139.7777321)"
東京都中央区日本橋浜町,"(35.6884623, 139.7881167)"
東京都中央区日本橋茅場町,"(35.6792576, 139.7796972)"
東京都中央区日本橋蛎殻町,"(35.6824556, 139.7818013)"
東京都中央区日本橋馬喰町,"(35.6933502, 139.7824528)"
東京都中央区晴海,"(35.6541446, 139.7801005)"
東京都中央区月島,"(35.6642414, 139.784535)"
東京都中央区東日本橋,"(35.692111, 139.784889)"
東京都中央区築地,"(35.6680853, 139.772563)"
東京都中央区銀座,"(35.6709101, 139.7660214)"
東京都中野区上高田,"(35.7135765, 139.6701144)"
東京都中野区中野,"(35.7058859, 139.6656276)"
東京都中野区丸山,"(35.7110622, 139.6694878)"
東京都中野区南台,"(35.6841441, 139.6701401)"
東京都中野区大和町,"(35.7105805, 139.6524159)"
東京都中野区弥生町,"(35.6908488, 139.6755198)"
東京都中野区新井,"(35.7136788, 139.6670016)"
東京都中野区本町,"(35.6961466, 139.6768501)"
東京都中野区東中野,"(35.7064752, 139.6828466)"
東京都中野区江古田,"(35.7256208, 139.6679693)"
東京都中野区江古田 ,"(35.7256208, 139.6679693)"
東京都中野区沼袋,"(35.7192588, 139.664613)"
東京都中野区沼袋 ,"(35.7192588, 139.664613)"
東京都中野区若宮,"(35.7200581, 139.6407916)"
東京都中野区野方,"(35.7196708, 139.6531867)"
東京都八王子市七国,"(35.6209079, 139.3213642)"
東京都八王子市万町,"(35.6521499, 139.3333937)"
東京都八王子市上柚木,"(35.622043, 139.3697156)"
東京都八王子市下柚木,"(35.6276592, 139.3836989)"
東京都八王子市並木町,"(35.653887, 139.304193)"
東京都八王子市中野山王,"(35.6730151, 139.3297187)"
東京都八王子市元本郷町,"(35.6635221, 139.3234053)"
東京都八王子市元横山町,"(35.6598484, 139.3382579)"
東京都八王子市八幡町,"(35.6603197, 139.3287599)"
東京都八王子市八日町,"(35.65995, 139.3335935)"
東京都八王子市北野町,"(35.6483926, 139.3520941)"
東京都八王子市南大沢,"(35.6141313, 139.3799425)"
東京都八王子市南町,"(35.6578926, 139.3332851)"
東京都八王子市大横町,"(35.6622633, 139.3295801)"
東京都八王子市子安町,"(35.646911, 139.3367533)"
東京都八王子市宇津木町,"(35.6801124, 139.3567059)"
東京都八王子市小宮町,"(35.688804, 139.373252)"
東京都八王子市小比企町,"(35.6382844, 139.3185091)"
東京都八王子市川町,"(35.675397, 139.370557)"
東京都八王子市左入町,"(35.6854985, 139.3471515)"
東京都八王子市平岡町,"(35.665222, 139.32324)"
東京都八王子市戸吹町,"(35.7077754, 139.2962098)"
東京都八王子市日吉町,"(35.6615103, 139.3147065)"
東京都八王子市明神町,"(35.6594819, 139.3458747)"
東京都八王子市暁町,"(35.618512249999995, 139.39174944359837)"
東京都八王子市東中野,"(35.6340068, 139.4076152)"
東京都八王子市松が谷,"(35.6318225, 139.4220673)"
東京都八王子市梅坪町,"(35.687953, 139.337173)"
東京都八王子市椚田町,"(35.63835, 139.3093941)"
東京都八王子市楢原町,"(35.6838337, 139.3031207)"
東京都八王子市横山町,"(35.6598484, 139.3382579)"
東京都八王子市横川町,"(35.663953, 139.305983)"
東京都八王子市泉町,"(35.6750705, 139.3009391)"
東京都八王子市片倉町,"(35.6428818, 139.338826)"
東京都八王子市狭間町,"(35.6388787, 139.2872793)"
東京都八王子市石川町,"(35.675397, 139.370557)"
東京都八王子市美山町,"(35.6839515, 139.2566545)"
東京都八王子市西片倉,"(35.6398291, 139.3415925)"
東京都八王子市諏訪町,"(35.6754492, 139.2903458)"
東京都八王子市谷野町,"(35.685515, 139.328045)"
東京都八王子市追分町,"(35.6609357, 139.3184136)"
東京都八王子市鑓水,"(35.6146839, 139.3420907)"
東京都八王子市館町,"(35.6347157, 139.2876903)"
東京都八王子市高倉町,"(35.667822, 139.368183)"
東京都八王子市鹿島,"(35.6648731, 139.2740078)"
東京都北区上中里,"(35.7466176, 139.7470253)"
東京都北区中里,"(24.265055, 120.86168653017242)"
東京都北区堀船,"(35.7496262, 139.7390103)"
東京都北区岸町,"(35.7496262, 139.7390103)"
東京都北区志茂,"(35.7778749, 139.7325731)"
東京都北区昭和町,"(35.7115888, 139.3609157)"
東京都北区東十条,"(35.7638484, 139.7268749)"
東京都北区栄町,"(35.7496262, 139.7390103)"
東京都北区浮間,"(35.7905901, 139.7004698)"
東京都北区王子,"(35.7523466, 139.7382749)"
東京都北区田端,"(35.7373701, 139.7617151)"
東京都北区西が丘,"(35.7712028, 139.7126507)"
東京都北区西ケ原,"(35.7460255, 139.7422068)"
東京都北区西ヶ原,"(35.7460255, 139.7422068)"
東京都北区赤羽,"(35.7781394, 139.7207999)"
東京都北区赤羽西,"(35.774285500000005, 139.71163614987384)"
東京都千代田区一番町,"(35.6871511, 139.741848)"
東京都千代田区九段北,"(35.69712815, 139.7492286716407)"
東京都千代田区九段南,"(35.69712815, 139.7492286716407)"
東京都千代田区内神田,"(35.6910378, 139.76729)"
東京都千代田区岩本町,"(35.6955202, 139.7753867)"
東京都千代田区平河町,"(35.6809547, 139.740089)"
東京都千代田区東神田,"(35.6958052, 139.7804194)"
東京都千代田区神田三崎町,"(35.6998198, 139.7560828)"
東京都千代田区神田佐久間河岸,"(35.6970823, 139.7778499)"
東京都千代田区神田佐久間町,"(35.6979039, 139.77808328164213)"
東京都千代田区神田司町,"(35.6934463, 139.7674554)"
東京都千代田区神田多町,"(35.6939898, 139.7690501)"
東京都千代田区神田富山町,"(35.6936145, 139.7734213)"
東京都千代田区神田小川町,"(35.6950935, 139.7641599)"
東京都千代田区神田神保町,"(35.6969077, 139.7566297)"
東京都千代田区神田紺屋町,"(35.6930293, 139.7736891)"
東京都千代田区神田西福田町,"(35.6913836, 139.7742979)"
東京都千代田区神田錦町,"(35.692198, 139.7616988)"
東京都千代田区神田鍛冶町,"(35.6937666, 139.7707825)"
東京都千代田区神田須田町,"(35.6960728, 139.7717347)"
東京都千代田区神田駿河台,"(35.6986932, 139.7629995)"
東京都千代田区西神田,"(35.6987894, 139.7552695)"
東京都千代田区鍛冶町,"(35.6916889, 139.7719416)"
東京都千代田区隼町,"(35.681638, 139.743347)"
東京都千代田区飯田橋,"(35.7013742, 139.7444452)"
東京都千代田区麹町,"(35.684028, 139.737667)"
東京都台東区三ノ輪,"(35.7295284, 139.7913323)"
東京都台東区上野,"(35.7117587, 139.7776445)"
東京都台東区上野桜木,"(35.7211009, 139.7708468)"
東京都台東区元浅草,"(35.717528, 139.797635)"
東京都台東区入谷,"(35.7207249, 139.7845632)"
東京都台東区北上野,"(35.7170179, 139.7814236)"
東京都台東区千束,"(35.722183, 139.7902256)"
東京都台東区日本堤,"(35.7259283, 139.7962435)"
東京都台東区東浅草,"(35.717528, 139.797635)"
東京都台東区浅草,"(35.717528, 139.797635)"
東京都台東区浅草橋,"(35.6973783, 139.7863178)"
東京都台東区竜泉,"(35.7247449, 139.7910584)"
東京都台東区花川戸,"(35.7136745, 139.8003817)"
東京都台東区蔵前,"(35.7054789, 139.7924363)"
東京都台東区谷中,"(35.721218, 139.7660417)"
東京都台東区雷門,"(35.7111333, 139.79636829999998)"
東京都品川区上大崎,"(35.6344144, 139.7190423)"
東京都品川区中延,"(35.6057172, 139.712596)"
東京都品川区北品川,"(35.622322, 139.7392954)"
東京都品川区南大井,"(35.6129742, 139.7575876)"
東京都品川区大井,"(35.6129742, 139.7575876)"
東京都品川区大崎,"(35.6193759, 139.728474)"
東京都品川区戸越,"(35.6150626, 139.7166188)"
東京都品川区旗の台,"(35.6048391, 139.7027094)"
東京都品川区東中延,"(35.6057172, 139.712596)"
東京都品川区東大井,"(35.6129742, 139.7575876)"
東京都品川区西中延,"(35.6057172, 139.712596)"
東京都品川区西大井,"(35.6018658, 139.7216714)"
東京都国分寺市並木町,"(35.71695, 139.450223)"
東京都国分寺市本多,"(35.7071175, 139.4815393)"
東京都国分寺市本町,"(35.7036205, 139.4810665)"
東京都国分寺市東元町,"(35.6929332, 139.4808956)"
東京都国分寺市東恋ケ窪,"(35.7093966, 139.4747003)"
東京都国分寺市東恋ヶ窪,"(35.7093966, 139.4747003)"
東京都国分寺市泉町,"(35.6956121, 139.4671244)"
東京都国分寺市西恋ケ窪,"(35.7112868, 139.4640232)"
東京都国分寺市西恋ヶ窪,"(35.7112868, 139.4640232)"
東京都国立市矢川,"(35.6849629, 139.4321775)"
東京都国立市谷保,"(35.6814533, 139.4466026)"
東京都墨田区両国,"(35.6957996, 139.7929596)"
東京都墨田区京島,"(35.7174422, 139.8232)"
東京都墨田区八広,"(35.7271367, 139.8283287)"
東京都墨田区向島,"(35.7249733, 139.8105653)"
東京都墨田区吾妻橋,"(35.7097319, 139.7995983)"
東京都墨田区堤通,"(35.7313098, 139.8117393)"
東京都墨田区押上,"(35.7083261, 139.8137488)"
東京都墨田区東向島,"(35.7242865, 139.819283)"
東京都墨田区東駒形,"(35.704616, 139.7961862)"
東京都墨田区江東橋,"(35.6954809, 139.8149605)"
東京都墨田区立川,"(35.6919169, 139.8057732)"
東京都墨田区緑,"(35.700429, 139.805017)"
東京都墨田区菊川,"(35.6884236, 139.8061202)"
東京都墨田区錦糸,"(35.6980494, 139.8150266)"
東京都多摩市一ノ宮,"(35.6516115, 139.4377151)"
東京都多摩市中沢,"(35.6239171, 139.4175958)"
東京都多摩市乞田,"(35.634629, 139.4425495)"
東京都多摩市和田,"(35.6463859, 139.4357452)"
東京都多摩市唐木田,"(35.6167192, 139.4117313)"
東京都多摩市山王下,"(35.6252536, 139.4211873)"
東京都多摩市東寺方,"(35.6442039, 139.4380953)"
東京都多摩市落川,"(35.6408234, 139.4373211)"
東京都多摩市豊ヶ丘,"(35.622447199999996, 139.43379440813953)"
東京都多摩市貝取,"(35.6253318, 139.442359)"
東京都多摩市連光寺,"(35.6352287, 139.4644253)"
東京都多摩市関戸,"(35.6436976, 139.4509409)"
東京都大田区下丸子,"(35.5714014, 139.685601)"
東京都大田区中馬込,"(35.5969362, 139.7119624)"
東京都大田区久が原,"(35.5796094, 139.6856341)"
東京都大田区北千束,"(35.6062326, 139.6934754)"
東京都大田区北糀谷,"(35.5633951, 139.7372167)"
東京都大田区北馬込,"(35.5969362, 139.7119624)"
東京都大田区南久が原,"(35.5796094, 139.6856341)"
東京都大田区南千束,"(35.6036709, 139.697671)"
東京都大田区南蒲田,"(35.5618856, 139.7146628)"
東京都大田区南馬込,"(35.5969362, 139.7119624)"
東京都大田区多摩川,"(35.5896261, 139.6688357)"
東京都大田区大森北,"(35.5843785, 139.7362267)"
東京都大田区大森東,"(35.577715, 139.7350061)"
東京都大田区新蒲田,"(35.5618856, 139.7146628)"
東京都大田区本羽田,"(35.5475756, 139.7330206)"
東京都大田区東糀谷,"(35.5547009, 139.7294663)"
東京都大田区東蒲田,"(35.5618856, 139.7146628)"
東京都大田区東馬込,"(35.5969362, 139.7119624)"
東京都大田区池上,"(35.572027, 139.7030034)"
東京都大田区田園調布,"(35.5968855, 139.667468)"
東京都大田区田園調布本町,"(35.5877853, 139.6750076)"
東京都大田区羽田,"(35.5479444, 139.7466458)"
東京都大田区萩中,"(35.5511001, 139.7317797)"
東京都大田区蒲田,"(35.5618856, 139.7146628)"
東京都大田区西蒲田,"(35.5618856, 139.7146628)"
東京都大田区西馬込,"(35.5860611, 139.7053696)"
東京都大田区鵜の木,"(35.5754772, 139.6805847)"
東京都小平市上水本町,"(35.7173378, 139.465149)"
東京都小平市中島町,"(35.7298612, 139.4321681)"
東京都小平市仲町,"(35.7329341, 139.4877227)"
東京都小平市回田町,"(35.716745, 139.4926548)"
東京都小平市天神町,"(35.730853, 139.4941282)"
東京都小平市学園東町,"(35.7256793, 139.4915061)"
東京都小平市小川町,"(35.7301391, 139.4657331)"
東京都小平市栄町,"(35.7346727, 139.4446498)"
東京都小平市津田町,"(35.725641, 139.461127)"
東京都小平市花小金井,"(35.7261056, 139.5131866)"
東京都小平市花小金井南町,"(35.7227603, 139.5138481)"
東京都小平市鈴木町,"(35.7231911, 139.5101456)"
東京都小金井市中町,"(35.6954018, 139.516644)"
東京都小金井市前原町,"(35.6921374, 139.5130465)"
東京都小金井市本町,"(35.7002737, 139.5064494)"
東京都小金井市東京都小金井市東町,"(35.6988763, 139.5246235)"
東京都小金井市東町,"(35.6988763, 139.5246235)"
東京都小金井市桜町,"(35.7100127, 139.5102789)"
東京都小金井市梶野町,"(35.7084743, 139.5294849)"
東京都小金井市緑町,"(35.7105354, 139.5185116)"
東京都小金井市貫井北町,"(35.7063837, 139.4997821)"
東京都小金井市貫井南町,"(35.6918669, 139.4945842)"
東京都小金井市関野町,"(35.7132624, 139.5225557)"
東京都府中市八幡町,"(35.6678257, 139.4896683)"
東京都府中市四谷,"(35.6577292, 139.4477602)"
東京都府中市多磨町,"(35.6867462, 139.5188346)"
東京都府中市是政,"(35.656275, 139.4893858)"
東京都府中市朝日町,"(35.675801, 139.51678)"
東京都府中市本宿町,"(35.672487, 139.4614107)"
東京都府中市浅間町,"(35.6847616, 139.4961189)"
東京都府中市片町,"(35.6699594, 139.472385)"
東京都府中市白糸台,"(35.6665122, 139.5097795)"
東京都府中市矢崎町,"(35.6624478, 139.4792827)"
東京都府中市美好町,"(35.6729927, 139.4688656)"
東京都府中市西原町,"(35.682446, 139.45939)"
東京都文京区千石,"(35.7282717, 139.7441698)"
東京都文京区千駄木,"(35.7255455, 139.7633148)"
東京都文京区後楽,"(35.7169401, 139.7175774)"
東京都文京区春日,"(35.7084896, 139.7527409)"
東京都文京区本郷,"(35.7109538, 139.7598575)"
東京都文京区本駒込,"(35.7247665, 139.7537288)"
東京都文京区根津,"(35.7173532, 139.765722)"
東京都文京区湯島,"(35.7073329, 139.7700104)"
東京都文京区白山,"(35.7210717, 139.7520578)"
東京都文京区西片,"(35.7111844, 139.7528896)"
東京都新宿区上落合,"(35.7114276, 139.6836606)"
東京都新宿区下落合,"(35.7157663, 139.6954383)"
東京都新宿区中井,"(35.7150987, 139.6863011)"
東京都新宿区中落合,"(35.7182814, 139.6887777)"
東京都新宿区住吉町,"(35.6923036, 139.7213003)"
東京都新宿区余丁町,"(35.6984409, 139.7161627)"
東京都新宿区北新宿,"(35.6883635, 139.6990749)"
東京都新宿区北新宿 ,"(35.6883635, 139.6990749)"
東京都新宿区四谷,"(35.6861799, 139.7293712)"
東京都新宿区四谷三栄町,"(35.6890861, 139.7238419)"
東京都新宿区大久保,"(35.7007911, 139.6973187)"
東京都新宿区富久町,"(35.6912647, 139.7166814)"
東京都新宿区山吹町,"(35.7088271, 139.7315968)"
東京都新宿区左門町,"(35.6841605, 139.719933)"
東京都新宿区市谷仲之町,"(35.6954156, 139.7249697)"
東京都新宿区新宿,"(35.6883635, 139.6990749)"
東京都新宿区東五軒町,"(35.7083855, 139.7392333)"
東京都新宿区歌舞伎町,"(35.6945429, 139.7027105)"
東京都新宿区神楽坂,"(35.7039298, 139.7341347)"
東京都新宿区荒木町,"(35.6909922, 139.7225179)"
東京都新宿区西新宿,"(35.6944228, 139.6927786)"
東京都新宿区西早稲田,"(35.7079235, 139.7090403)"
東京都新宿区西落合,"(35.7106681, 139.6860112)"
東京都新宿区高田馬場,"(35.7126401, 139.7038744)"
東京都日野市万願寺,"(35.6712772, 139.4200659)"
東京都日野市三沢,"(35.659151, 139.418084)"
東京都日野市南平,"(35.6550985, 139.3925213)"
東京都日野市平山,"(35.6457776, 139.3788407)"
東京都日野市日野台,"(35.669731, 139.375348)"
東京都日野市日野本町,"(35.678811, 139.398173)"
東京都日野市旭が丘,"(35.658998, 139.369781)"
東京都日野市東豊田,"(35.663732, 139.390036)"
東京都日野市程久保,"(35.6552865, 139.4108303)"
東京都日野市豊田,"(35.6595146, 139.3814849)"
東京都日野市高幡,"(35.65939, 139.4140771)"
東京都昭島市上川原町,"(35.7071458, 139.3623973)"
東京都昭島市中神町,"(35.711499, 139.3767214)"
東京都昭島市大神町,"(35.7148274, 139.3647055)"
東京都昭島市宮沢町,"(35.7152301, 139.3728247)"
東京都昭島市拝島町,"(35.72096, 139.3637824)"
東京都昭島市昭和町,"(35.7115888, 139.3609157)"
東京都昭島市朝日町,"(35.7055088, 139.3711735)"
東京都昭島市東町,"(35.7019708, 139.3882538)"
東京都昭島市松原町,"(35.7176691, 139.3434057)"
東京都昭島市武蔵野,"(35.7174575, 139.3775153)"
東京都昭島市玉川町,"(35.705264, 139.3771388)"
東京都昭島市田中町,"(35.7160508, 139.3649319)"
東京都昭島市福島町,"(35.6986774, 139.3796482)"
東京都昭島市築地町,"(35.713978, 139.3833098)"
東京都昭島市緑町,"(35.7136647, 139.3432341)"
東京都昭島市美堀町,"(35.7209095, 139.3540492)"
東京都昭島市郷地町,"(35.7074943, 139.3953338)"
東京都杉並区上井草,"(35.7252497, 139.6031462)"
東京都杉並区上高井戸,"(35.6882391, 139.6173026)"
東京都杉並区上高井戸 ,"(35.6882391, 139.6173026)"
東京都杉並区下井草,"(35.7238105, 139.6253797)"
東京都杉並区下高井戸,"(35.672035, 139.6333884)"
東京都杉並区下高井戸 ,"(35.672035, 139.6333884)"
東京都杉並区久我山,"(35.687982, 139.5996036)"
東京都杉並区久我山 ,"(35.687982, 139.5996036)"
東京都杉並区井草,"(35.7268745, 139.6089949)"
東京都杉並区井草 ,"(35.7268745, 139.6089949)"
東京都杉並区今川,"(35.7150457, 139.6032604)"
東京都杉並区南荻窪,"(35.7044803, 139.6201587)"
東京都杉並区和泉,"(35.6728468, 139.6566523)"
東京都杉並区和泉 ,"(35.6728468, 139.6566523)"
東京都杉並区和田,"(35.6923739, 139.65615)"
東京都杉並区善福寺,"(35.7143948, 139.590818)"
東京都杉並区堀ノ内,"(35.691327, 139.65481)"
東京都杉並区大宮,"(35.6836579, 139.6460631)"
東京都杉並区天沼,"(35.7062732, 139.6227287)"
東京都杉並区成田東,"(35.6936496, 139.6400623)"
東京都杉並区本天沼,"(35.7062732, 139.6227287)"
東京都杉並区東京都杉並区永福,"(35.6775836, 139.6376571)"
東京都杉並区松ノ木,"(35.6953342, 139.6440726)"
東京都杉並区松庵,"(35.7014397, 139.5950645)"
東京都杉並区桃井,"(35.7075057, 139.6352683)"
東京都杉並区梅里,"(35.6969116, 139.6457468)"
東京都杉並区永福,"(35.6775836, 139.6376571)"
東京都杉並区永福 ,"(35.6775836, 139.6376571)"
東京都杉並区浜田山,"(35.6816919, 139.6273127)"
東京都杉並区浜田山 ,"(35.6816919, 139.6273127)"
東京都杉並区清水,"(35.7097124, 139.616505)"
東京都杉並区荻窪,"(35.7044803, 139.6201587)"
東京都杉並区西荻南,"(35.7025321, 139.5999563)"
東京都杉並区阿佐谷北,"(35.706713, 139.6342936)"
東京都杉並区阿佐谷南,"(35.7012809, 139.6364662)"
東京都杉並区高円寺北,"(35.7073164, 139.6548546)"
東京都杉並区高円寺南,"(35.703594, 139.6475377)"
東京都東久留米市前沢,"(35.7487742, 139.5146584)"
東京都東久留米市柳窪,"(35.7442338, 139.4925212)"
東京都東久留米市浅間町,"(35.7601813, 139.54564754111624)"
東京都東大和市上北台,"(35.7458297, 139.4158199)"
東京都東大和市南街,"(35.7369614, 139.4233828)"
東京都東大和市奈良橋,"(35.7526732, 139.4270408)"
東京都東大和市新堀,"(35.7382241, 139.4447223)"
東京都東大和市芋窪,"(35.7549827, 139.4168495)"
東京都東大和市蔵敷,"(35.7543281, 139.4190547)"
東京都東村山市久米川町,"(35.7720643, 139.4777415)"
東京都東村山市青葉町,"(35.7592906, 139.4892888)"
東京都板橋区三園,"(35.7918914, 139.6407924)"
東京都板橋区上板橋,"(35.7635967, 139.676569)"
東京都板橋区中丸町,"(35.7393418, 139.7050068)"
東京都板橋区中台,"(35.7703802, 139.6799156)"
東京都板橋区中台 ,"(35.7703802, 139.6799156)"
東京都板橋区中板橋,"(35.7564299, 139.694164)"
東京都板橋区仲宿,"(35.7546367, 139.7083226)"
東京都板橋区仲町,"(35.7538091, 139.6972459)"
東京都板橋区前野町,"(35.7687915, 139.6902076)"
東京都板橋区南常盤台,"(35.7564958, 139.6904243)"
東京都板橋区南町,"(35.7409997, 139.7022249)"
東京都板橋区四葉,"(35.7799122, 139.6520556)"
東京都板橋区坂下,"(35.7849189, 139.6849645)"
東京都板橋区大原町,"(35.7689399, 139.6983449)"
東京都板橋区大和町,"(35.761203, 139.7054932)"
東京都板橋区大山東町,"(35.7488642, 139.7085511)"
東京都板橋区大山西町,"(35.7496179, 139.6950671)"
東京都板橋区大谷口上町,"(35.7518286, 139.6927712)"
東京都板橋区大門,"(35.7836937, 139.6481588)"
東京都板橋区富士見町,"(35.761515, 139.7015642)"
東京都板橋区小茂根,"(35.7482378, 139.6784113)"
東京都板橋区小豆沢,"(35.7779319, 139.697781)"
東京都板橋区常盤台,"(35.761537, 139.6855991)"
東京都板橋区幸町,"(35.7430313, 139.6961954)"
東京都板橋区徳丸,"(35.775789, 139.6598681)"
東京都板橋区志村,"(35.7752578, 139.6908861)"
東京都板橋区成増,"(35.7776122, 139.6329035)"
東京都板橋区新河岸,"(35.7960683, 139.6565058)"
東京都板橋区東坂下,"(35.7857219, 139.688027)"
東京都板橋区東山町,"(35.7529751, 139.6852538)"
東京都板橋区東新町,"(35.758813, 139.6815352)"
東京都板橋区板橋,"(35.7573872, 139.7088836)"
東京都板橋区栄町,"(35.7538027, 139.7030965)"
東京都板橋区桜川,"(35.7612721, 139.6744635)"
東京都板橋区泉町,"(35.7669048, 139.7007048)"
東京都板橋区清水町,"(35.7636431, 139.7044734)"
東京都板橋区熊野町,"(35.7412082, 139.7069472)"
東京都板橋区相生町,"(35.7771571, 139.6797394)"
東京都板橋区稲荷台,"(35.7626094, 139.7100873)"
東京都板橋区舟渡,"(35.7941546, 139.6837601)"
東京都板橋区若木,"(35.7713631, 139.6731684)"
東京都板橋区蓮根,"(35.7841683, 139.6790014)"
東京都板橋区蓮沼町,"(35.7706619, 139.7032367)"
東京都板橋区西台,"(35.7869431, 139.6740066)"
東京都板橋区赤塚,"(35.7788033, 139.6434642)"
東京都板橋区赤塚新町,"(35.7716853, 139.6374619)"
東京都板橋区高島平,"(35.7883692, 139.6589375)"
東京都武蔵村山市三ツ木,"(35.7546874, 139.3753163)"
東京都武蔵村山市三ツ藤,"(35.7517197, 139.3748222)"
東京都武蔵村山市大南,"(35.7355416, 139.3960219)"
東京都武蔵村山市学園,"(35.7463096, 139.406489)"
東京都武蔵村山市岸,"(35.7635392, 139.36567)"
東京都武蔵村山市榎,"(35.7430394, 139.3925291)"
東京都武蔵村山市残堀,"(35.748921, 139.3735569)"
東京都武蔵野市中町,"(35.7037986, 139.5662633)"
東京都武蔵野市八幡町,"(35.7170546, 139.5555091)"
東京都武蔵野市吉祥寺北町,"(35.7098122, 139.5792922)"
東京都武蔵野市吉祥寺南町,"(35.7015955, 139.5797484)"
東京都武蔵野市吉祥寺本町,"(35.7043267, 139.5775409)"
東京都武蔵野市吉祥寺東町,"(35.7064843, 139.5880373)"
東京都武蔵野市境,"(35.7041137, 139.5437453)"
東京都武蔵野市境南町,"(35.6991032, 139.5397016)"
東京都武蔵野市御殿山,"(35.7023931, 139.575435)"
東京都武蔵野市東京都武蔵野市吉祥寺南町,"(35.7015955, 139.5797484)"
東京都武蔵野市桜堤,"(35.7087983, 139.5349895)"
東京都武蔵野市緑町,"(35.7170478, 139.5628232)"
東京都武蔵野市西久保,"(35.71031, 139.5580462)"
東京都武蔵野市関前,"(35.7122046, 139.5518286)"
東京都江戸川区一之江,"(35.6859799, 139.8831224)"
東京都江戸川区中葛西,"(35.6636282, 139.8726921)"
東京都江戸川区北小岩,"(35.7332364, 139.881843)"
東京都江戸川区北篠崎,"(35.705995, 139.9037372)"
東京都江戸川区北葛西,"(35.6636282, 139.8726921)"
東京都江戸川区南葛西,"(35.6636282, 139.8726921)"
東京都江戸川区大杉,"(35.662654, 139.8737267)"
東京都江戸川区平井,"(35.706421, 139.8425122)"
東京都江戸川区東小松川,"(35.7033042, 139.8680111)"
東京都江戸川区東瑞江,"(35.6933194, 139.8977601)"
東京都江戸川区東葛西,"(35.6636282, 139.8726921)"
東京都江戸川区松江,"(35.696596, 139.8712738)"
東京都江戸川区江戸川,"(35.7377048, 139.8961189)"
東京都江戸川区清新町,"(35.6692892, 139.8496293)"
東京都江戸川区瑞江,"(35.6933194, 139.8977601)"
東京都江戸川区船堀,"(35.6838107, 139.8642986)"
東京都江戸川区西瑞江,"(35.6933194, 139.8977601)"
東京都江戸川区西葛西,"(35.6645795, 139.8593173)"
東京都江東区亀戸,"(35.6976987, 139.827138)"
東京都江東区住吉,"(35.6890174, 139.8157296)"
東京都江東区千田,"(35.6804943, 139.8159221)"
東京都江東区塩浜,"(35.6613093, 139.8065504)"
東京都江東区大島,"(35.6897995, 139.8350725)"
東京都江東区扇橋,"(35.6827269, 139.8098747)"
東京都江東区新大橋,"(35.6880122, 139.7941312)"
東京都江東区有明,"(35.6345562, 139.7932562)"
東京都江東区木場,"(35.6694204, 139.8065261)"
東京都江東区東雲,"(35.6407295, 139.803636)"
東京都江東区枝川,"(35.6580447, 139.8088562)"
東京都江東区森下,"(35.6880305, 139.7982399)"
東京都江東区潮見,"(35.658929, 139.8171928)"
東京都江東区白河,"(35.6832007, 139.8063608)"
東京都江東区福住,"(35.6735097, 139.7978449)"
東京都江東区豊洲,"(35.652123200000005, 139.79507324078642)"
東京都江東区越中島,"(35.6679, 139.7926376)"
東京都江東区辰巳,"(35.6454772, 139.8107392)"
東京都江東区門前仲町,"(35.6725145, 139.7949361)"
東京都江東区高橋,"(35.6835394, 139.7986486)"
東京都清瀬市下清戸,"(35.785695, 139.5400878)"
東京都清瀬市梅園,"(35.771041, 139.509176)"
東京都渋谷区上原,"(35.666015, 139.6835953)"
東京都渋谷区代々木,"(35.6839519, 139.7020805)"
東京都渋谷区代官山町,"(35.6497628, 139.7024277)"
東京都渋谷区初台,"(35.6816399, 139.6871239)"
東京都渋谷区千駄ヶ谷,"(35.6812658, 139.7113311)"
東京都渋谷区南平台町,"(35.6551518, 139.6963702)"
東京都渋谷区大山町,"(35.6709165, 139.6741013)"
東京都渋谷区宇田川町,"(35.661732, 139.6980791)"
東京都渋谷区富ヶ谷,"(35.6677493, 139.6878411)"
東京都渋谷区幡ヶ谷,"(35.6772382, 139.6767757)"
東京都渋谷区広尾,"(35.65234995, 139.71776981095715)"
東京都渋谷区恵比寿,"(35.6464378, 139.7102101)"
東京都渋谷区恵比寿南,"(35.64466865, 139.70793856118337)"
東京都渋谷区本町,"(35.6824369, 139.6800443)"
東京都渋谷区松濤,"(35.6633826, 139.6904618)"
東京都渋谷区渋谷,"(35.6584501, 139.7028426)"
東京都渋谷区猿楽町,"(35.6515643, 139.7022811)"
東京都渋谷区神宮前,"(35.6684226, 139.7054028)"
東京都渋谷区神泉町,"(35.654071, 139.6931716)"
東京都渋谷区笹塚,"(35.6736448, 139.6671205)"
東京都渋谷区道玄坂,"(35.6588903, 139.6975169)"
東京都港区三田,"(35.6470793, 139.7477409)"
東京都港区六本木,"(35.6624568, 139.7334981)"
東京都港区台場,"(35.6259018, 139.7714216)"
東京都港区新橋,"(35.6654135, 139.7593905)"
東京都港区浜松町,"(35.6551111, 139.7570622)"
東京都港区白金,"(35.6392241503572, 139.7230439009923)"
東京都港区白金台,"(35.6392241503572, 139.7230439009923)"
東京都港区芝公園,"(35.65471065, 139.7501314456964)"
東京都港区芝大門,"(35.6569975, 139.752666)"
東京都港区芝浦,"(35.6414479, 139.7545699)"
東京都港区虎ノ門,"(35.67017, 139.750049)"
東京都港区西新橋,"(35.6691961, 139.7553036)"
東京都港区西麻布,"(35.6598537, 139.7233681)"
東京都港区赤坂,"(35.6716786, 139.7356224)"
東京都港区高輪,"(35.6341205, 139.7379583)"
東京都港区麻布十番,"(35.6551317, 139.7370828)"
東京都港区麻布台,"(35.6610734, 139.741315)"
東京都港区麻布狸穴町,"(35.6588636, 139.7394689)"
東京都狛江市中和泉,"(35.6331215, 139.5731422)"
東京都狛江市和泉本町,"(35.636523, 139.576151)"
東京都狛江市猪方,"(35.6242472, 139.5815562)"
東京都町田市三輪町,"(35.575483, 139.5001037)"
東京都町田市中町,"(35.5515141, 139.4472453)"
東京都町田市南成瀬,"(35.5389362, 139.4724842)"
東京都町田市小山田桜台,"(35.5882797, 139.4022812)"
東京都町田市小川,"(35.5175547, 139.4737985)"
東京都町田市広袴,"(35.5935816, 139.4707116)"
東京都町田市忠生,"(35.574615, 139.417289)"
東京都町田市成瀬,"(35.5353004, 139.4729739)"
東京都町田市成瀬台,"(35.5555716, 139.4773051)"
東京都町田市旭町,"(35.5560475, 139.4409752)"
東京都町田市本町田,"(35.5692483, 139.4428295)"
東京都町田市東玉川学園,"(35.5563303, 139.4690689)"
東京都町田市根岸,"(35.6053716, 139.3094037)"
東京都町田市森野,"(35.5506935, 139.4376577)"
東京都町田市玉川学園,"(35.5679147, 139.4687162133402)"
東京都町田市真光寺,"(35.6025188, 139.4639574)"
東京都町田市西成瀬,"(35.5454946, 139.4695784)"
東京都町田市金井,"(35.5819119, 139.4703004)"
東京都町田市金森,"(35.5294774, 139.4625055)"
東京都町田市鶴川,"(35.5831769, 139.4820835)"
東京都目黒区下目黒,"(35.6300236, 139.7058982)"
東京都目黒区中根,"(35.6149371, 139.6697308)"
東京都目黒区中目黒,"(35.6440969, 139.6987513)"
東京都目黒区五本木,"(35.6322262, 139.6866328)"
東京都目黒区八雲,"(35.6207725, 139.6671052)"
東京都目黒区大岡山,"(35.6074155, 139.6857012)"
東京都目黒区大橋,"(35.6521347, 139.6879681)"
東京都目黒区平町,"(35.6181817, 139.6820238)"
東京都目黒区洗足,"(35.6101321, 139.6941992)"
東京都目黒区祐天寺,"(35.6375637, 139.6910577)"
東京都目黒区緑が丘,"(35.6065471, 139.6789908)"
東京都目黒区自由が丘,"(35.607528, 139.6692629)"
東京都目黒区駒場,"(35.6555816, 139.6822123)"
東京都目黒区鷹番,"(35.6257603, 139.689876)"
東京都福生市加美平,"(35.7524897, 139.3261673)"
東京都福生市北田園,"(35.7356159, 139.3252049)"
東京都福生市南田園,"(35.724761, 139.3317819)"
東京都福生市志茂,"(35.7365796, 139.3293138)"
東京都福生市本町,"(35.7407827, 139.3278412)"
東京都福生市武蔵野台,"(35.7478272, 139.3337526)"
東京都福生市牛浜,"(35.7346115, 139.3336014)"
東京都稲城市向陽台,"(35.6365431, 139.4869448)"
東京都稲城市坂浜,"(35.6274239, 139.4881733)"
東京都稲城市大丸,"(35.6485213, 139.4919279)"
東京都稲城市平尾,"(35.6086994, 139.4977105)"
東京都稲城市矢野口,"(35.6415979, 139.5205143)"
東京都稲城市長峰,"(35.6294328, 139.4795493)"
東京都立川市一番町,"(35.7290556, 139.3784156)"
東京都立川市上砂町,"(35.7271743, 139.3930497)"
東京都立川市富士見町,"(35.6960112, 139.3990041)"
東京都立川市幸町,"(35.7260987, 139.4241644)"
東京都立川市曙町,"(35.6991763, 139.410881)"
東京都立川市柏町,"(35.7261117, 139.4129635)"
東京都立川市柴崎町,"(35.693234, 139.4070345)"
東京都立川市栄町,"(35.7141261, 139.4250227)"
東京都立川市砂川町,"(35.7285722, 139.4023623)"
東京都立川市羽衣町,"(35.6922101, 139.4272972)"
東京都立川市西砂町,"(35.7326613, 139.3638887)"
東京都立川市錦町,"(35.6921186, 139.4148078)"
東京都立川市高松町,"(35.7078886, 139.4162669)"
東京都練馬区上石神井,"(35.7261132, 139.5924974)"
東京都練馬区中村南,"(35.7279543, 139.6435526)"
東京都練馬区光が丘,"(35.7585088, 139.629415)"
東京都練馬区北町,"(35.7627489, 139.6580597)"
東京都練馬区北町 ,"(35.7627489, 139.6580597)"
東京都練馬区南田中,"(35.7318851, 139.6218331)"
東京都練馬区土支田,"(35.7666903, 139.6196738)"
東京都練馬区富士見台,"(35.7359523, 139.6300042)"
東京都練馬区平和台,"(35.7579161, 139.6538208)"
東京都練馬区旭丘,"(35.7343367, 139.6754457)"
東京都練馬区旭町,"(35.770864, 139.626417)"
東京都練馬区春日町,"(35.7542787, 139.6459761)"
東京都練馬区桜台,"(35.7387537, 139.6623844)"
東京都練馬区桜台 ,"(35.7387537, 139.6623844)"
東京都練馬区氷川台,"(35.7498339, 139.6650634)"
東京都練馬区立野町,"(35.7135266, 139.582527)"
東京都練馬区練馬,"(35.7378537, 139.6541156)"
東京都練馬区練馬 ,"(35.7378537, 139.6541156)"
東京都練馬区羽沢,"(35.7413768, 139.6691715)"
東京都練馬区谷原,"(35.7491463, 139.6187387)"
東京都練馬区豊玉中,"(35.7296242, 139.6567002)"
東京都練馬区豊玉北,"(35.7361152, 139.6640262)"
東京都練馬区貫井,"(35.7416005, 139.6329299)"
東京都練馬区錦,"(35.74836, 139.638735)"
東京都練馬区高松,"(35.7504853, 139.6298966)"
東京都羽村市五ノ神,"(35.75809, 139.318514)"
東京都羽村市羽西,"(35.7528728, 139.3076572)"
東京都荒川区南千住,"(35.7332554, 139.7990037)"
東京都荒川区東尾久,"(35.7469091, 139.7536603)"
東京都荒川区東日暮里,"(35.7289204, 139.7713635)"
東京都荒川区町屋,"(35.7422895, 139.7814483)"
東京都荒川区荒川,"(35.74296975, 139.78267833120114)"
東京都荒川区西日暮里,"(35.7337333, 139.7681087)"
東京都葛飾区亀有,"(35.7666652, 139.8478007)"
東京都葛飾区四つ木,"(35.7317359, 139.8348327)"
東京都葛飾区小菅,"(35.7586732, 139.8126428)"
東京都葛飾区新小岩,"(35.7169502, 139.8579929)"
東京都葛飾区東四つ木,"(35.7317359, 139.8348327)"
東京都葛飾区東新小岩,"(35.7169502, 139.8579929)"
東京都葛飾区柴又,"(35.7564295, 139.8752024)"
東京都葛飾区白鳥,"(35.7495129, 139.8479248)"
東京都葛飾区西亀有,"(35.7666652, 139.8478007)"
東京都葛飾区西新小岩,"(35.7169502, 139.8579929)"
東京都葛飾区金町,"(35.7695843, 139.8706926)"
東京都葛飾区鎌倉,"(35.7470834, 139.8801651)"
東京都葛飾区青戸,"(35.7471759, 139.8536007)"
東京都西多摩郡日の出町大字大久野,"(35.7514, 139.244748)"
東京都西多摩郡日の出町大字平井,"(35.745746, 139.270005)"
東京都西多摩郡瑞穂町大字二本木,"(35.7909019, 139.3576752)"
東京都西多摩郡瑞穂町大字殿ケ谷,"(35.763828, 139.360227)"
東京都西多摩郡瑞穂町大字石畑,"(35.76757, 139.357872)"
東京都西多摩郡瑞穂町大字箱根ケ崎,"(35.7752878, 139.351007)"
東京都西多摩郡瑞穂町大字長岡長谷部,"(35.7860019, 139.3296438)"
東京都西多摩郡瑞穂町大字高根,"(35.7845026, 139.3647717)"
東京都西多摩郡瑞穂町長岡,"(35.779581, 139.3292254)"
東京都西東京市下保谷,"(35.7498745, 139.5651865)"
東京都西東京市中町,"(35.7375867, 139.5607075)"
東京都西東京市住吉町,"(35.7480404, 139.5532149)"
東京都西東京市保谷町,"(35.7302064, 139.5531084)"
東京都西東京市北原町,"(35.7333391, 139.5462707)"
東京都西東京市北町,"(35.7581649, 139.5578999)"
東京都西東京市南町,"(35.7260784, 139.5481238)"
東京都西東京市向台町,"(35.7222831, 139.5345123)"
東京都西東京市富士町,"(35.7308267, 139.5638206)"
東京都西東京市新町,"(35.7132079, 139.5362081)"
東京都西東京市東伏見,"(35.7287186, 139.5643443)"
東京都西東京市東町,"(35.7458383, 139.5621267)"
東京都西東京市柳沢,"(35.7266214, 139.5498743)"
東京都西東京市栄町,"(35.7513547, 139.5551745)"
東京都西東京市泉町,"(35.7404794, 139.5507469)"
東京都西東京市田無町,"(35.7287951, 139.5400411)"
東京都西東京市緑町,"(35.7409491, 139.5357447)"
東京都西東京市芝久保町,"(35.7315983, 139.5241218)"
東京都西東京市西原町,"(35.7386895, 139.531198)"
東京都西東京市谷戸町,"(35.7399323, 139.545304)"
東京都調布市上石原,"(35.6599567, 139.5322465)"
東京都調布市下石原,"(35.6566175, 139.539761)"
東京都調布市佐須町,"(35.6608956, 139.5526489)"
東京都調布市八雲台,"(35.6587908, 139.5518206)"
東京都調布市多摩川,"(35.63755635, 139.54410401183134)"
東京都調布市富士見町,"(35.6828387, 139.7594549)"
東京都調布市小島町,"(35.6559048, 139.5420406)"
東京都調布市布田,"(35.6498367, 139.55167)"
東京都調布市東京都調布市深大寺北町,"(35.6753005, 139.5459956)"
東京都調布市柴崎,"(35.6542039, 139.5670015)"
東京都調布市深大寺北町,"(35.6753005, 139.5459956)"
東京都調布市若葉町,"(35.6581105, 139.5894551)"
東京都調布市菊野台,"(35.6527257, 139.5692995)"
東京都調布市西つつじケ丘,"(35.6584029, 139.571615)"
東京都調布市西つつじヶ丘,"(35.6584029, 139.571615)"
東京都調布市飛田給,"(35.6602111, 139.5233698)"
東京都豊島区上池袋,"(35.729798599999995, 139.71024215303126)"
東京都豊島区千川,"(35.738327, 139.6893133)"
東京都豊島区南池袋,"(35.7253435, 139.715134)"
東京都豊島区南長崎,"(35.7055356, 139.7812508)"
東京都豊島区巣鴨,"(35.7334119, 139.7394273)"
東京都豊島区東池袋,"(35.7256133, 139.7194309)"
東京都豊島区池袋,"(35.729798599999995, 139.71024215303126)"
東京都豊島区目白,"(35.7211861, 139.7064823)"
東京都豊島区西巣鴨,"(35.7437168, 139.7285828)"
東京都豊島区西池袋,"(35.7249535, 139.6947614)"
東京都豊島区西池袋 ,"(35.7249535, 139.6947614)"
東京都豊島区要町,"(35.7332405, 139.6986842)"
東京都豊島区長崎,"(35.7055356, 139.7812508)"
東京都豊島区雑司が谷,"(35.7202506, 139.7147752)"
東京都豊島区駒込,"(35.7365848, 139.7472412)"
東京都豊島区駒込 ,"(35.7365848, 139.7472412)"
東京都豊島区高松,"(35.7504853, 139.6298966)"
東京都足立区一ツ家,"(35.7817608, 139.8137144805512)"
東京都足立区中央本町,"(35.7725238, 139.80708161804208)"
東京都足立区中川,"(35.7797627, 139.8495696)"
東京都足立区保塚町,"(35.7868345, 139.8106016)"
東京都足立区保木間,"(35.7947597, 139.8023471)"
東京都足立区六月,"(35.7863044, 139.79540317176037)"
東京都足立区六町,"(35.784856, 139.8218755)"
東京都足立区加平,"(35.7789027, 139.8250479)"
東京都足立区加賀,"(35.7905581, 139.7590822)"
東京都足立区千住中居町,"(35.7491307, 139.7994779)"
東京都足立区千住宮元町,"(35.7442974, 139.797848)"
東京都足立区千住寿町,"(35.7531551, 139.800832)"
東京都足立区千住曙町,"(35.7426982, 139.8132774)"
東京都足立区堀之内,"(35.7741271, 139.7549879722525)"
東京都足立区島根,"(35.7819102, 139.79728592061244)"
東京都足立区平野,"(35.7824602, 139.80593117826163)"
東京都足立区弘道,"(35.7685458, 139.81577442754127)"
東京都足立区扇,"(35.76629135, 139.77260285663698)"
東京都足立区本木,"(35.7636887, 139.7856826)"
東京都足立区本木北町,"(35.765223399999996, 139.7793399142605)"
東京都足立区本木南町,"(35.7609394, 139.78177365307755)"
東京都足立区本木東町,"(35.76607305, 139.78235151529987)"
東京都足立区本木西町,"(35.76040605, 139.77950868307033)"
東京都足立区東綾瀬,"(35.770307, 139.841249)"
東京都足立区栗原,"(35.7829833, 139.78764817005595)"
東京都足立区梅島,"(35.7723784, 139.7979912)"
東京都足立区梅田,"(35.76700195, 139.79779343366238)"
東京都足立区椿,"(35.779143950000005, 139.75931990225303)"
東京都足立区江北,"(35.773411, 139.7648511834314)"
東京都足立区竹の塚,"(35.7945322, 139.7907116)"
東京都足立区竹ノ塚,"(35.7945322, 139.7907116)"
東京都足立区綾瀬,"(35.7621884, 139.825389)"
東京都足立区興野,"(35.76879435, 139.77900708022042)"
東京都足立区舎人,"(35.8056449, 139.7701583)"
東京都足立区西加平,"(35.77918195, 139.8210070082826)"
東京都足立区西新井,"(35.777253, 139.790321)"
東京都足立区西新井本町,"(35.77410435, 139.7794361152188)"
東京都足立区西新井栄町,"(35.77513045, 139.7879780505055)"
東京都足立区西竹の塚,"(35.7945322, 139.7907116)"
東京都足立区西竹ノ塚,"(35.7945322, 139.7907116)"
東京都足立区西綾瀬,"(35.7643238, 139.8168576)"
東京都足立区谷在家,"(35.786641, 139.7689150072486)"
東京都足立区足立,"(35.76111095, 139.8085589131906)"
東京都足立区関原,"(35.76635055, 139.78897349365602)"
東京都足立区青井,"(35.7717401, 139.8203272)"
東京都足立区鹿浜,"(35.7785834, 139.7510556)"
東京都青梅市上町,"(35.792414, 139.253977)"
東京都青梅市二俣尾,"(35.8042988, 139.2159535)"
東京都青梅市今井,"(35.8015409, 139.3134528)"
東京都青梅市今寺,"(35.7976859, 139.2993283)"
東京都青梅市仲町,"(35.792706, 139.2557)"
東京都青梅市勝沼,"(35.790715, 139.2689077)"
東京都青梅市千ケ瀬町,"(35.7859476, 139.270187)"
東京都青梅市千ヶ瀬町,"(35.7859476, 139.270187)"
東京都青梅市友田町,"(35.7686496, 139.2868567)"
東京都青梅市吹上,"(35.798868, 139.278318)"
東京都青梅市和田町,"(35.7753358, 139.2273679)"
東京都青梅市塩船,"(35.8056067, 139.2832371)"
東京都青梅市大柳町,"(35.785821, 139.251705)"
東京都青梅市大門,"(35.7961761, 139.2940899)"
東京都青梅市天ヶ瀬町,"(35.788416, 139.24779)"
東京都青梅市師岡町,"(35.7914942, 139.2840772)"
東京都青梅市新町,"(35.7871101, 139.3078161)"
東京都青梅市日向和田,"(35.7881161, 139.2297013)"
東京都青梅市木野下,"(35.8072957, 139.2958903)"
東京都青梅市末広町,"(35.7796033, 139.3134072)"
東京都青梅市本町,"(35.789233, 139.259092)"
東京都青梅市東青梅,"(35.7899044, 139.2725011)"
東京都青梅市根ヶ布,"(35.8012818, 139.2642403)"
東京都青梅市梅郷,"(35.7841965, 139.2148581)"
東京都青梅市河辺町,"(35.7810198, 139.2880925)"
東京都青梅市滝ノ上町,"(35.788113, 139.256327)"
東京都青梅市畑中,"(35.7780912, 139.240951)"
東京都青梅市藤橋,"(35.801828, 139.3035661)"
東京都青梅市裏宿町,"(35.790531, 139.245217)"
東京都青梅市西分町,"(35.7897741, 139.2654161)"
東京都青梅市谷野,"(35.8051775, 139.2894767)"
東京都青梅市野上町,"(35.7920381, 139.2904609)"
東京都青梅市長淵,"(35.7756017, 139.2695076)"
東京都青梅市駒木町,"(35.780092, 139.2528824)"
東京都青梅市黒沢,"(35.810389, 139.2546044)"
